{"cameraMode":{"drawMode":0,"name":"Shaded","section":"Shading Mode"},"sceneLighting":true,"audioPlay":false,"sceneViewState":{"showFog":true,"showMaterialUpdate":true,"showSkybox":true,"showFlares":true,"showImageEffects":true,"showParticleSystems":true},"in2DMode":false,"pivot":{"x":24.135000228881837,"y":1.2493749856948853,"z":0.0},"rotation":{"x":0.008687148801982403,"y":-0.8508855700492859,"z":0.014028998091816903,"w":0.5251822471618652},"size":4.754034042358398,"orthographic":false}