{"cameraMode":{"drawMode":0,"name":"Shaded","section":"Shading Mode"},"sceneLighting":true,"audioPlay":false,"sceneViewState":{"showFog":true,"showMaterialUpdate":true,"showSkybox":true,"showFlares":true,"showImageEffects":true,"showParticleSystems":true},"in2DMode":false,"pivot":{"x":-56.857513427734378,"y":-0.8152694702148438,"z":2.044736862182617},"rotation":{"x":-0.2597276568412781,"y":-0.02559860236942768,"z":0.006789689883589745,"w":-0.9654057621955872},"size":23.57598114013672,"orthographic":false}