{"cameraMode":{"drawMode":0,"name":"Shaded","section":"Shading Mode"},"sceneLighting":true,"audioPlay":false,"sceneViewState":{"showFog":true,"showMaterialUpdate":true,"showSkybox":true,"showFlares":true,"showImageEffects":true,"showParticleSystems":true},"in2DMode":false,"pivot":{"x":63.05854415893555,"y":5.369541645050049,"z":32.674564361572269},"rotation":{"x":0.0017248322255909443,"y":-0.96559077501297,"z":-0.006983084138482809,"w":-0.2602970600128174},"size":2.3540334701538088,"orthographic":false}