{"cameraMode":{"drawMode":0,"name":"Shaded","section":"Shading Mode"},"sceneLighting":false,"audioPlay":false,"sceneViewState":{"showFog":true,"showMaterialUpdate":true,"showSkybox":false,"showFlares":true,"showImageEffects":true,"showParticleSystems":true},"in2DMode":false,"pivot":{"x":1.1405906677246094,"y":2.7610244750976564,"z":0.2902069091796875},"rotation":{"x":0.0250244103372097,"y":0.9572826623916626,"z":-0.08725568652153015,"w":0.27454236149787905},"size":2.756728410720825,"orthographic":false}