{"cameraMode":{"drawMode":0,"name":"Shaded","section":"Shading Mode"},"sceneLighting":true,"audioPlay":false,"sceneViewState":{"showFog":true,"showMaterialUpdate":true,"showSkybox":true,"showFlares":true,"showImageEffects":true,"showParticleSystems":true},"in2DMode":false,"pivot":{"x":-0.37625882029533389,"y":7.629179000854492,"z":-2.139082431793213},"rotation":{"x":0.040541816502809528,"y":0.672909677028656,"z":-0.03697521984577179,"w":0.7376989126205444},"size":39.695960998535159,"orthographic":false}