{"cameraMode":{"drawMode":0,"name":"Shaded","section":"Shading Mode"},"sceneLighting":true,"audioPlay":false,"sceneViewState":{"showFog":true,"showMaterialUpdate":true,"showSkybox":true,"showFlares":true,"showImageEffects":true,"showParticleSystems":true},"in2DMode":false,"pivot":{"x":-0.022066190838813783,"y":0.16059423983097077,"z":-0.13868001103401185},"rotation":{"x":-0.0011365044629201294,"y":0.9253668785095215,"z":-0.37908950448036196,"w":-0.002791633130982518},"size":2.3306093215942385,"orthographic":false}