{"cameraMode":{"drawMode":0,"name":"Shaded","section":"Shading Mode"},"sceneLighting":true,"audioPlay":false,"sceneViewState":{"showFog":true,"showMaterialUpdate":true,"showSkybox":true,"showFlares":true,"showImageEffects":true,"showParticleSystems":true},"in2DMode":false,"pivot":{"x":264.927490234375,"y":145.27471923828126,"z":1.4762954711914063},"rotation":{"x":0.14084546267986298,"y":0.0024120465386658909,"z":-0.000344008527463302,"w":0.9900639057159424},"size":587.1354370117188,"orthographic":false}