{"cameraMode":{"drawMode":0,"name":"Shaded","section":"Shading Mode"},"sceneLighting":false,"audioPlay":false,"sceneViewState":{"showFog":true,"showMaterialUpdate":true,"showSkybox":false,"showFlares":true,"showImageEffects":true,"showParticleSystems":true},"in2DMode":false,"pivot":{"x":-3.8057098388671877,"y":2.00909423828125,"z":4.784912109375},"rotation":{"x":-0.016304314136505128,"y":0.9832286834716797,"z":-0.14288434386253358,"w":-0.11227826029062271},"size":1.9847146272659302,"orthographic":true}