{"cameraMode":{"drawMode":0,"name":"Shaded","section":"Shading Mode"},"sceneLighting":false,"audioPlay":false,"sceneViewState":{"showFog":true,"showMaterialUpdate":true,"showSkybox":false,"showFlares":true,"showImageEffects":true,"showParticleSystems":true},"in2DMode":false,"pivot":{"x":-3.890000343322754,"y":1.0,"z":3.9700002670288088},"rotation":{"x":-0.09365156292915344,"y":0.8900327086448669,"z":-0.21244539320468903,"w":-0.39234986901283266},"size":4.783339023590088,"orthographic":true}