{"cameraMode":{"drawMode":0,"name":"Shaded","section":"Shading Mode"},"sceneLighting":false,"audioPlay":false,"sceneViewState":{"showFog":true,"showMaterialUpdate":true,"showSkybox":false,"showFlares":true,"showImageEffects":true,"showParticleSystems":true},"in2DMode":false,"pivot":{"x":-3.8057098388671877,"y":2.00909423828125,"z":4.784912109375},"rotation":{"x":-0.05409659817814827,"y":0.833877444267273,"z":-0.08309005945920944,"w":-0.5429990887641907},"size":8.960070610046387,"orthographic":true}