{"cameraMode":{"drawMode":0,"name":"Shaded","section":"Shading Mode"},"sceneLighting":true,"audioPlay":false,"sceneViewState":{"showFog":true,"showMaterialUpdate":true,"showSkybox":true,"showFlares":true,"showImageEffects":true,"showParticleSystems":true},"in2DMode":false,"pivot":{"x":251.95724487304688,"y":-141.15550231933595,"z":46.93212890625},"rotation":{"x":-0.0014963720459491015,"y":-0.9936133027076721,"z":0.11257189512252808,"w":-0.015447537414729596},"size":876.9807739257813,"orthographic":false}