{"cameraMode":{"drawMode":0,"name":"Shaded","section":"Shading Mode"},"sceneLighting":false,"audioPlay":false,"sceneViewState":{"showFog":true,"showMaterialUpdate":true,"showSkybox":false,"showFlares":true,"showImageEffects":true,"showParticleSystems":true},"in2DMode":false,"pivot":{"x":-3.8057098388671877,"y":2.00909423828125,"z":4.784912109375},"rotation":{"x":-0.025670161470770837,"y":0.9736610651016235,"z":-0.1774902492761612,"w":-0.14088739454746247},"size":8.960070610046387,"orthographic":true}