{"cameraMode":{"drawMode":0,"name":"Shaded","section":"Shading Mode"},"sceneLighting":true,"audioPlay":false,"sceneViewState":{"showFog":true,"showMaterialUpdate":true,"showSkybox":true,"showFlares":true,"showImageEffects":true,"showParticleSystems":true},"in2DMode":false,"pivot":{"x":-49.53544616699219,"y":29.241378784179689,"z":12.725735664367676},"rotation":{"x":-0.30985021591186526,"y":0.654995322227478,"z":-0.33741241693496706,"w":-0.6010810136795044},"size":138.8863983154297,"orthographic":false}