{"cameraMode":{"drawMode":0,"name":"Shaded","section":"Shading Mode"},"sceneLighting":false,"audioPlay":false,"sceneViewState":{"showFog":true,"showMaterialUpdate":true,"showSkybox":false,"showFlares":true,"showImageEffects":true,"showParticleSystems":true},"in2DMode":false,"pivot":{"x":0.000003814697265625,"y":-0.000003814697265625,"z":0.0},"rotation":{"x":-0.15862677991390229,"y":0.012125566601753235,"z":-0.0019614773336797954,"w":-0.9872780442237854},"size":360.7791748046875,"orthographic":false}