{"cameraMode":{"drawMode":0,"name":"Shaded","section":"Shading Mode"},"sceneLighting":false,"audioPlay":false,"sceneViewState":{"showFog":true,"showMaterialUpdate":true,"showSkybox":false,"showFlares":true,"showImageEffects":true,"showParticleSystems":true},"in2DMode":false,"pivot":{"x":1.4299999475479127,"y":2.7774999141693117,"z":0.0},"rotation":{"x":-0.046280406415462497,"y":0.936029314994812,"z":-0.13459041714668275,"w":-0.3218672275543213},"size":4.856728553771973,"orthographic":false}