{"cameraMode":{"drawMode":0,"name":"Shaded","section":"Shading Mode"},"sceneLighting":true,"audioPlay":false,"sceneViewState":{"showFog":true,"showMaterialUpdate":true,"showSkybox":true,"showFlares":true,"showImageEffects":true,"showParticleSystems":true},"in2DMode":false,"pivot":{"x":12.921345710754395,"y":4.049300193786621,"z":-2.4588282108306886},"rotation":{"x":0.3397403359413147,"y":-0.6113622188568115,"z":0.32673242688179018,"w":0.6357095837593079},"size":36.463504791259769,"orthographic":false}