{"cameraMode":{"drawMode":0,"name":"Shaded","section":"Shading Mode"},"sceneLighting":false,"audioPlay":false,"sceneViewState":{"showFog":true,"showMaterialUpdate":true,"showSkybox":false,"showFlares":true,"showImageEffects":true,"showParticleSystems":true},"in2DMode":false,"pivot":{"x":0.0,"y":1.9749999046325684,"z":832.5623779296875},"rotation":{"x":0.30870580673217776,"y":-0.4735220670700073,"z":0.18165083229541779,"w":0.8047005534172058},"size":2.0152955055236818,"orthographic":false}