{"cameraMode":{"drawMode":0,"name":"Shaded","section":"Shading Mode"},"sceneLighting":true,"audioPlay":false,"sceneViewState":{"showFog":true,"showMaterialUpdate":true,"showSkybox":true,"showFlares":true,"showImageEffects":true,"showParticleSystems":true},"in2DMode":false,"pivot":{"x":2.6186306476593019,"y":2.948153495788574,"z":-1.681520938873291},"rotation":{"x":0.44835323095321658,"y":-0.1305629014968872,"z":0.06638672947883606,"w":0.8817752003669739},"size":2.8578836917877199,"orthographic":false}